enso_phase,count,mean,std,min,max
El Niño,143,8.538461538461538,12.092815484777,0,31
La Niña,144,2.798611111111111,7.582257409777608,0,31
Neutral,229,2.611353711790393,6.253564064619803,0,31
